Unnamed: 0,Parent,Avg_Monthly_Supply,Parent Agency No.,No.,Name,Name 2,Address,City,State,ZIP Code,FBC County Code,Full_address,Latitude,Longitude
434,R1000,2351.454545454545,R1000,R1000FP,A Place Called Hope,,1809 Garner Station Blvd,Raleigh,NC,27603,WAKE,1809 Garner Station Blvd Raleigh NC 27603,35.72477,-78.658332
439,R1005,292.8,R1005,R1005OTH,Adopted Agencies,,1924 Capital Blvd,Raleigh,NC,27604,WAKE,1924 Capital Blvd Raleigh NC 27604,35.8044022,-78.6151915
441,R1007,25916.4,R1007,R1007FB1,Albemarle Food Bank,,,,NC,,FOODBANK,nan nan NC nan,35.6729639,-79.0392919
443,R1009,1722.25,R1009,R1009KSM,SFSP - All About Us Kids,,329 Charlotte Avenue,Sanford,NC,27330,LEE,329 Charlotte Avenue Sanford NC 27330,35.4835541,-79.1692556
449,R1019,391.8,R1019,R1019KC,KC - AventWest at Avent Ferry,,2700 Avent Ferry Rd,Raleigh,NC,27606,WAKE,2700 Avent Ferry Rd Raleigh NC 27606,35.77219,-78.685427
451,R1021,1269.036231884058,R1021,R1021FP, Baptist Grove,,7109 Leesville Rd,Raleigh,NC,27617,WAKE,7109 Leesville Rd Raleigh NC 27617,35.8723508,-78.7010316
452,R1022,491.0952380952381,R1022,R1022OTH,CSFP - Barton Apartments,,110 Wister Ct,Roanoke Rapids,NC,27870,HALIFAX,110 Wister Ct Roanoke Rapids NC 27870,36.4379096,-77.6301051
453,R1023,2054.1428571428573,R1023,R1023OTH,CSFP - Becker Manor,,520 Becker Dr,Roanoke Rapids,NC,27870,HALIFAX,520 Becker Dr Roanoke Rapids NC 27870,36.439221,-77.633506
457,R1030,29828.0,R1030,R1030FB,Blue Ridge Area Food Bank,,,,VA,,WAKE,nan nan VA nan,37.1232245,-78.4927721
458,R1031,859.5,R1031,R1031KSM1,SFSP- Boys & Girls Club Tar,,904 S. Brake St,Nashville,NC,27856,NASH,904 S. Brake St Nashville NC 27856,35.963238,-77.963933
461,R1034,5047.916666666667,R1034,R1034OTH,CSFP - Broad Inc,,583 Bunn Elementary Rd,Bunn,NC,27508,FRANKLIN,583 Bunn Elementary Rd Bunn NC 27508,35.9517361,-78.2555119
462,R1035,3075.554761904762,R1035,R1035CSF,CSFP - Brooks Ave,,700 Brooks Ave,Raleigh,NC,27607,WAKE,700 Brooks Ave Raleigh NC 27607,35.796938,-78.6727805
464,R1037,17644.083333333332,R1037,R1037FP,Building 323,,73 Wilder Rd,Middlesex,NC,27557,JOHNSTON,73 Wilder Rd Middlesex NC 27557,35.753762,-78.256875
465,R1038,542.0,R1038,R1038FP,Burning Bush Ministries Inc,,503 US Hwy 70 E Ste C,Garner,NC,27529,WAKE,503 US Hwy 70 E Ste C Garner NC 27529,35.701084,-78.598612
467,R1040,224.5,R1040,R1040KSM1,SFSP - Camp I Can,,1320 Mack Todd Road,Zebulon,NC,27597,WAKE,1320 Mack Todd Road Zebulon NC 27597,35.807809,-78.3355433
469,R1042,1422.4166666666667,R1042,R1042CSF,CSFP - Capital Towers,,4808 Six Forks Rd,Raleigh,NC,27609,WAKE,4808 Six Forks Rd Raleigh NC 27609,35.84586,-78.6420796
471,R1047,12230.3,R1047,R1047FP,Cathedral De Jesus,,717 S Arendell Ave,Zebulon,NC,27597,WAKE,717 S Arendell Ave Zebulon NC 27597,35.8127634,-78.3069001
473,R1050,245.6,R1050,R1050SCH,Centennial Campus Middle,,1900 Main Campus Dr,Raleigh,NC,27606,WAKE,1900 Main Campus Dr Raleigh NC 27606,35.7540967,-78.6937286
474,R1052,11626.95,R1052,R1052FP,Changing Hearts Deliverance,,102 Holt's Pond Rd,Princeton,NC,27569,JOHNSTON,102 Holt's Pond Rd Princeton NC 27569,35.464658,-78.164786
475,R1053,257.3333333333333,R1053,R1053OTH,CSFP - Chapel Ridge Manor Apts,,264 Jesslyn Dr,Roanoke Rapids,NC,27870,HALIFAX,264 Jesslyn Dr Roanoke Rapids NC 27870,35.795342,-77.680439
487,R1059,465.54545454545456,R1059,R1059GH,Christian Life Home,,Confidential,,NC,,WAKE,Confidential nan NC nan,36.131803,-79.412521
491,R1063,1515.5454545454545,R1063,R1063AS,Church on the Rise,,1725 Davis St,Rocky Mount,NC,27804,NASH,1725 Davis St Rocky Mount NC 27804,35.9220669,-77.8070849
492,R1064,13102.333333333334,R1064,R1064FB,City Harvest Food Bank of NYC,,,,NY,,FOODBANK,nan nan NY nan,40.7127281,-74.0060152
493,R1065,550.0,R1065,R1065KSM1,SFSP - City of Goldsboro - WA,,516 S. Leslie Street,Goldsboro,NC,27530,WAYNE,516 S. Leslie Street Goldsboro NC 27530,35.3751148,-77.9885366
495,R1068,23003.35,R1068,R1068DD,Clinton (St. Stephens Church),,207 W Lee St,Clinton,NC,28328,SAMPSON,207 W Lee St Clinton NC 28328,35.0016808,-78.3325618
498,R1071,884.0,R1071,R1071OTH,CSFP - Colony Woods,,901 E Lititleton Rd,Roanoke Rapids,NC,27870,HALIFAX,901 E Lititleton Rd Roanoke Rapids NC 27870,36.46154,-77.65415
499,R1072,290.0,R1072,R1072KC,KC - Community Enrichment,,99 N Main St,Tarboro,NC,27886,EDGECOMBE,99 N Main St Tarboro NC 27886,35.894621,-77.53284
504,R1077,11584.968260869566,R1077,R1077FP,Corinth United,,7900 Zebulon Rd,Youngsville,NC,27596,WAKE,7900 Zebulon Rd Youngsville NC 27596,35.97595,-78.442843
507,R1082,4560.214285714285,R1082,R1082WPP,WPP - Cummins Engine Plant RM,,9377 US Hwy 301 N,Whitakers,NC,27891,EDGECOMBE,9377 US Hwy 301 N Whitakers NC 27891,36.0927151,-77.733181
508,R1083,1318.6666666666667,R1083,R1083FP,Deliverance Church,,3328 Old Stage Rd,Angier,NC,27501,HARNETT,3328 Old Stage Rd Angier NC 27501,35.4572427,-78.6911528
509,R1086,34287.2,R1086,R1086DD,Direct Dist. -- Duplin County,,708 Gilbert St,Durham,NC,27701,DUPLIN,708 Gilbert St Durham NC 27701,35.9952715,-78.8898382
510,R1088,47837.94736842105,R1088,R1088DD,CSFP - Direct Dist. - Wake Co,,1924 Capital Blvd,Raleigh,NC,27604,WAKE,1924 Capital Blvd Raleigh NC 27604,35.8044022,-78.6151915
511,R1089,118822.0,R1089,R1089DD,Direct Dist. -- Wayne County,,1924 Capital Blvd,Raleigh,NC,27609,WAYNE,1924 Capital Blvd Raleigh NC 27609,35.8075535,-78.6156241
512,R1091,4652.333333333333,R1091,R1091DD,Direct Distr - Franklin County,,3808 Tarheel Dr,Raleigh,NC,27609,FRANKLIN,3808 Tarheel Dr Raleigh NC 27609,35.8314857,-78.60725
513,R1092,21908.733333333337,R1092,R1092DD,Direct Distr - Harnett County,,1924 Capital Blvd,Raleigh,NC,27609,HARNETT,1924 Capital Blvd Raleigh NC 27609,35.8075535,-78.6156241
514,R1093,7368.0,R1093,R1093DD,CSFP - Direct Distr - Inborden,,432 Hannon St,Enfield,NC,27823,HALIFAX,432 Hannon St Enfield NC 27823,36.1719885,-77.6676861
515,R1096,18878.25,R1096,R1096DD,Direct Distr- Edgecombe County,,3808 Tarheel Dr,Raleigh,NC,27609,EDGECOMBE,3808 Tarheel Dr Raleigh NC 27609,35.8314857,-78.60725
516,R1097,28000.0,R1097,R1097CSFP,CSFP - Direct Distr Halifax Co,,1924 Capital Blvd,Raleigh,NC,27604,HALIFAX,1924 Capital Blvd Raleigh NC 27604,35.8044022,-78.6151915
517,R1098,7614.5,R1098,R1098DD,Direct Distr - Johnston County,,3808 Tarheel Dr,Raleigh,NC,27609,JOHNSTON,3808 Tarheel Dr Raleigh NC 27609,35.8314857,-78.60725
518,R1099,16842.454545454544,R1099,R1099DD,Direct Distr. - Halifax County,,1924 Capital Blvd,Raleigh,NC,27604,HALIFAX,1924 Capital Blvd Raleigh NC 27604,35.8044022,-78.6151915
519,R1101,33449.57142857143,R1101,R1101DD,Direct Dist. -- NASH County,,1924 Capital Blvd,Raleigh,NC,27604,NASH,1924 Capital Blvd Raleigh NC 27604,35.8044022,-78.6151915
520,R1102,8125.0,R1102,R1102CA,CKC - Diversity Nurtures,,104 Revelle Rd,Warsaw,NC,28398,DUPLIN,104 Revelle Rd Warsaw NC 28398,35.008187,-78.079788
522,R1104,321.0,R1104,R1104DR,SFSP - Dream Center,,3819 Bonneville Ct,Raleigh,NC,27609,WAKE,3819 Bonneville Ct Raleigh NC 27609,35.8358485,-78.5969267
523,R1105,631.0,R1105,R1105KSM,SFSP - Dunn Police Athletic,,610 Fairground Road,Dunn,NC,28334,HARNETT,610 Fairground Road Dunn NC 28334,35.3201745,-78.6078829
524,R1106,21349.090909090908,R1106,R1106DR,Duplin - Disaster Relief,,1924 Capital Blvd,Raleigh,NC,27604,DUPLIN,1924 Capital Blvd Raleigh NC 27604,35.8044022,-78.6151915
525,R1107,5948.355555555556,R1107,R1107FB5,"Duplin Christian Outreach, Faith by Grace",Ministries,2635 S NC Hwy 11 ,Rose Hill,NC,28466,DUPLIN,2635 S NC Hwy 11  Rose Hill NC 28466,34.742058,-77.983605
533,R1112,6593.095238095239,R1112,R1112AS,Ebenezer Missionary Baptist,,702 W Raleigh Blvd,Rocky Mount,NC,27803,NASH,702 W Raleigh Blvd Rocky Mount NC 27803,35.9345711,-77.8088915
535,R1116,5008.0,R1116,R1116DR,Emerge Ministries,,978 Old Chinquapin Rd,Beulaville,NC,28518,LENOIR,978 Old Chinquapin Rd Beulaville NC 28518,34.9057239,-77.7698807
538,R1120,555.6190476190476,R1120,R1120OTH,CSFP - Fair Meadows Apts,,100 NC Hwy 3341,Roanoke Rapids,NC,27870,HALIFAX,100 NC Hwy 3341 Roanoke Rapids NC 27870,35.530552,-76.965994
539,R1121,3048.200909090909,R1121,R1121FP,Faith In Action,,100 Professional Ct Suite 104,Garner,NC,27529,WAKE,100 Professional Ct Suite 104 Garner NC 27529,35.6080443,-78.5692325
542,R1124,336.0,R1124,R1124SON,Family Circle Elder Care,,820 W Garner Rd,Garner,NC,27529,WAKE,820 W Garner Rd Garner NC 27529,35.7112817,-78.613261
544,R1126,34692.0,R1126,R1126FB,Feeding Tampa Bay,,"4702 Transport Dr., Building 6",Tampa,FL,33605,FOODBANK,"4702 Transport Dr., Building 6 Tampa FL 33605",27.957198,-82.404759
545,R1127,1339.625,R1127,R1127GH,Fellowship Home of Raleigh,,506 Cutler St,Raleigh,NC,27603,WAKE,506 Cutler St Raleigh NC 27603,35.7743432,-78.6521767
546,R1128,764.0,R1128,R1128GH,Fellowship of Christ Church,,1001 Tarboro St,Rocky Mount,NC,27801,EDGECOMBE,1001 Tarboro St Rocky Mount NC 27801,35.933022,-77.783699
550,R1132,491.6666666666667,R1132,R1132KC,KC - First Baptist Church,,408 W Main St,Wallace,NC,28466,DUPLIN,408 W Main St Wallace NC 28466,34.7336635,-78.001118
553,R1135,1063.9545454545455,R1135,R1135FP,First Pentecostal Power,,3607 Buffalo Rd,Raleigh,NC,27604,WAKE,3607 Buffalo Rd Raleigh NC 27604,35.8401888,-78.5304363
554,R1136,668.6363636363636,R1136,R1136BP,BP - First Presbyterian Church,,17 E 5th St,Roanoke Rapids,NC,27870,HALIFAX,17 E 5th St Roanoke Rapids NC 27870,36.4642936,-77.6526985
555,R1137,4465.533333333333,R1137,R1137BP,BP - First United,,100 S Church St,Rocky Mount,NC,27804,NASH,100 S Church St Rocky Mount NC 27804,35.9352698,-77.8000971
556,R1138,3922.142857142858,R1138,R1138OTH,CSFP - First Worldwide,,3201 New Bern Ave,Raleigh,NC,27610,WAKE,3201 New Bern Ave Raleigh NC 27610,35.790105,-78.586953
557,R1139,7288.842105263157,R1139,R1139FP,Fishers of Men Food Bank,,903 S Center St,Mt. Olive,NC,28365,WAYNE,903 S Center St Mt. Olive NC 28365,35.205196,-78.044452
559,R1141,31882.0,R1141,R1141FB,Food Bank of Central Louisiana,,,,LA,,FOODBANK,nan nan LA nan,30.8703881,-92.007126
560,R1144,8237.238095238095,R1144,R1144DD,Food Bank of NC Direct Distr,,1924 Capital Blvd,Raleigh,NC,27604,WAKE,1924 Capital Blvd Raleigh NC 27604,35.8044022,-78.6151915
561,R1145,5115.0,R1145,R1145FB,Food Bank Of Northwest NC,,,,NC,,FOODBANK,nan nan NC nan,35.6729639,-79.0392919
562,R1146,70098.0,R1146,R1146FB,Foodbank Of Southeastern VA,,,,VA,,FOODBANK,nan nan VA nan,37.1232245,-78.4927721
563,R1147,23470.0,R1147,R1147DR,Foodlady,,2188 Indian Springs rd,Mt Olive,NC,28365,WAYNE,2188 Indian Springs rd Mt Olive NC 28365,35.205196,-78.044452
564,R1150,4822.446,R1150,R1150FP,Fountain of Hope,,900 Wilkins St,Rocky Mount,NC,27803,NASH,900 Wilkins St Rocky Mount NC 27803,35.927235,-77.819664
565,R1152,902.2,R1152,R1152GH,"Free Will Baptist Children's Home, Inc.",,7907 Buck Deans Rd,Middlesex,NC,27557,NASH,7907 Buck Deans Rd Middlesex NC 27557,35.811094,-78.2079958
567,R1154,885.6666666666666,R1154,R1154CSF,CSFP - Friends of Chavis,,750 Bright Creek Way,Raleigh,NC,27610,WAKE,750 Bright Creek Way Raleigh NC 27610,35.7711958,-78.6275936
568,R1155,560.8333333333334,R1155,R1155SP,SP - Fuquay Varina Middle,,109 N Ennis St,Fuquay Varina,NC,27526,WAKE,109 N Ennis St Fuquay Varina NC 27526,35.5859805,-78.7932256
570,R1160,5009.333333333334,R1160,R1160CSF,CSFP -Gethsemane 7th Day,,PO Box 46165,Raleigh,NC,27612,WAKE,PO Box 46165 Raleigh NC 27612,35.7803977,-78.6390989
574,R1164,1116.047619047619,R1164,R1164FP,Glory Cloud & Fire Ministries,,8800 Hwy 39 S,Zebulon,NC,27597,FRANKLIN,8800 Hwy 39 S Zebulon NC 27597,35.865294,-78.267417
575,R1165,3827.928571428571,R1165,R1165FP,God's Vision Ministries,,315 E River Rd,Louisburg,NC,27549,FRANKLIN,315 E River Rd Louisburg NC 27549,36.091667,-78.276772
576,R1166,36350.0,R1166,R1166FB,Golden Harvest Food Bank,,3310 Commerce Drive,Augusta,GA,30909,FOODBANK,3310 Commerce Drive Augusta GA 30909,33.4502751,-82.0596917
577,R1167,1090.0,R1167,R1167KSM,SFSP - Goldsboro YMCA Preschl,,900 S. Harding Drive,Goldsboro,NC,27534,WAYNE,900 S. Harding Drive Goldsboro NC 27534,35.389142,-77.935209
582,R1175,3329.5,R1175,R1175FP,Grow Our Kids,,103 New Edition Ct,Cary,NC,27511,WAKE,103 New Edition Ct Cary NC 27511,35.7677849,-78.7844476
583,R1177,2829.6666666666665,R1177,R1177OTH,CSFP - Haliwa Saponi Indian,,39021 NC Hwy 561,Halifax,NC,27844,HALIFAX,39021 NC Hwy 561 Halifax NC 27844,36.240645,-77.961245
584,R1178,2534.714285714286,R1178,R1178DV,Harbor Inc,,Confidential,Smithfield,NC,27577,JOHNSTON,Confidential Smithfield NC 27577,35.536543,-78.336001
586,R1180,15522.0,R1180,R1180FB,Harvest Hope Food Bank,,PO Box 451,Columbia,SC,29201,FOODBANK,PO Box 451 Columbia SC 29201,34.000754,-81.0352313
588,R1182,730.7,R1182,R1182SH,Haven House (Wrenn),Crisis & Homeless Services,908 W Morgan St,Raleigh,NC,27603,WAKE,908 W Morgan St Raleigh NC 27603,35.7811527,-78.6556334
589,R1183,5594.073913043479,R1183,R1183SH1,Healing Transitions,Men's Center,1251 Goode St,Raleigh,NC,27603,WAKE,1251 Goode St Raleigh NC 27603,35.7644135,-78.659328
595,R1187,8984.454545454546,R1187,R1187FP,Helping Our People Elevate Inc,,81 Egypt Church Rd,Louisburg,NC,27549,FRANKLIN,81 Egypt Church Rd Louisburg NC 27549,36.056879,-78.297911
597,R1190,4178.916666666666,R1190,R1190FP,His Daily Bread Community,,214 Park St,Coats,NC,27521,HARNETT,214 Park St Coats NC 27521,35.411753,-78.670828
598,R1191,399.1538461538461,R1191,R1191WPP,WPP - Hodge Road Elementary,,2128 Mingo Bluff Blvd,Knightdale,NC,27545,WAKE,2128 Mingo Bluff Blvd Knightdale NC 27545,35.7753264,-78.522498
599,R1192,10233.42681818182,R1192,R1192AS,Hollister Reach,,64 Knight Rd,Hollister,NC,27844,HALIFAX,64 Knight Rd Hollister NC 27844,36.249564,-77.91119
601,R1194,384.75,R1194,R1194KC,KC - Homework Haven,,513 Branch St,Raleigh,NC,27610,WAKE,513 Branch St Raleigh NC 27610,35.7645878,-78.6322021
608,R1201,16103.666666666666,R1201,R1201SK,Immanuel Temple SDA Church,,2102 S Alston Ave,Durham,NC,27701,DURHAM,2102 S Alston Ave Durham NC 27701,35.9607694,-78.8885445
609,R1202,20342.291666666668,R1202,R1202CSF,CSFP - Inborden School,,432 Hannon St,Enfield,NC,27823,HALIFAX,432 Hannon St Enfield NC 27823,36.1719885,-77.6676861
610,R1203,538.0,R1203,R1203DV,Interact,,Confidential,Raleigh,NC,27605,WAKE,Confidential Raleigh NC 27605,35.789601,-78.652475
611,R1204,6693.636948621554,R1204,R1204CSF1,CSFP - Inter-Community Council,,900 Hayne St,Raleigh,NC,27604,WAKE,900 Hayne St Raleigh NC 27604,35.941362,-78.644182
612,R1205,21016.85714285714,R1205,R1205DR,Interfaith Food Shuttle,,1001 Blair Dr,Raleigh,NC,27603,FOODBANK,1001 Blair Dr Raleigh NC 27603,35.7698915,-78.6681627
613,R1206,25719.166666666668,R1206,R1206TF,Internal TEFAP Agency,,1924 Capital Blvd,Raleigh,NC,27604,WAKE,1924 Capital Blvd Raleigh NC 27604,35.8044022,-78.6151915
614,R1208,29896.58333333333,R1208,R1208FP,Jackson Grove Bible Church of God,,66 Sinclair Lake Rd,Newton Grove,NC,28366,SAMPSON,66 Sinclair Lake Rd Newton Grove NC 28366,35.15838,-78.468106
615,R1209,6753.125,R1209,R1209GH,Jacob House/Rachel House,,809 E Mulberry St,Goldsboro,NC,27530,WAYNE,809 E Mulberry St Goldsboro NC 27530,35.3812368,-77.9847497
616,R1210,8985.0,R1210,R1210D,,,,,,,,nan nan nan nan,,
619,R1214,375.5,R1214,R1214DIS,Kingdom Ministry,,4922 Windy Hill Dr Ste A,Raleigh,NC,27609,WAKE,4922 Windy Hill Dr Ste A Raleigh NC 27609,35.8504782,-78.6076907
621,R1216,505.89473684210526,R1216,R1216OTH,CSFP - Laurel Glen,,115 Clearfield Dr,Roanoke Rapids,NC,,HALIFAX,115 Clearfield Dr Roanoke Rapids NC nan,36.4407683,-77.6317545
625,R1220,1003.0,R1220,R1220OTH,,,,,,,,nan nan nan nan,,
627,R1222,4074.1666666666665,R1222,R1222FP,London Missionary Baptist,,3386 US Hwy 158,Roanoke Rapids,NC,27870,HALIFAX,3386 US Hwy 158 Roanoke Rapids NC 27870,36.4388478,-77.6581001
628,R1224,2182.425652173913,R1224,R1224FP,Love Wins,,824 N Bloodworth St,Raleigh,NC,27604,WAKE,824 N Bloodworth St Raleigh NC 27604,35.7909539,-78.6322558
629,R1225,45052.125,R1225,R1225FB,Lowcountry Food Bank,,1635 Cosgrove Ave,Charleston,SC,29405,FOODBANK,1635 Cosgrove Ave Charleston SC 29405,32.8374563,-79.9844164
630,R1226,496.9375,R1226,R1226GH1,Lutheran Family Services,,3257 Lake Woodard Dr,Raleigh,NC,27604,WAKE,3257 Lake Woodard Dr Raleigh NC 27604,35.8025116,-78.5874495
632,R1228,48137.16666666666,R1228,R1228FB,Manna Food Bank,,627 Swannanoa River Rd.,Asheville,NC,28805,FOODBANK,627 Swannanoa River Rd. Asheville NC 28805,35.5772075,-82.4981931
636,R1236,2083.3636363636365,R1236,R1236FP,Mission Raleigh of Mt Vernon,,11610 Durant Rd,Raleigh,NC,27615,WAKE,11610 Durant Rd Raleigh NC 27615,35.9116359,-78.6077595
637,R1238,5307.521739130435,R1238,R1238KSM,SFSP - Mt Pleasant Baptist Ch,,,,NC,,SAMPSON,nan nan NC nan,35.6729639,-79.0392919
643,R1247,904.8,R1247,R1247WPP,WPP -NE Wake Backpack Buddies,,203 E Young St,Rolesville,NC,27571,WAKE,203 E Young St Rolesville NC 27571,35.9221955,-78.4562258
644,R1248,1087.6,R1248,R1248SP,SP - Needham Broughton High,,723 St Mary's St,Raleigh,NC,27605,WAKE,723 St Mary's St Raleigh NC 27605,35.818092,-78.580636
646,R1250,9175.892857142857,R1250,R1250DR,New Beginnings Deliverance,,4813 Tartts Mill Rd,Wilson,NC,27893,WILSON,4813 Tartts Mill Rd Wilson NC 27893,35.704577,-77.826587
650,R1254,412.77777777777777,R1254,R1254FP,New Canaan Covenant Church,,3209-110 Gresham Lake Rd,Raleigh,NC,27615,WAKE,3209-110 Gresham Lake Rd Raleigh NC 27615,35.887113,-78.604361
651,R1255,31505.70833333333,R1255,R1255FP,New Christian Food Pantry &,,111 Douglas St S,Wilson,NC,27893,WILSON,111 Douglas St S Wilson NC 27893,35.7239265,-77.9095618
652,R1257,4222.5,R1257,R1257FP,New Fellowship Ministry,,3115 Crittenden Ln,Holly Springs,NC,27540,WAKE,3115 Crittenden Ln Holly Springs NC 27540,35.6815165,-78.8360608
653,R1258,7906.579583333333,R1258,R1258FP,New Freedom Christian,Fellowship,3540 Maitland Dr Ste 105,Raleigh,NC,27610,WAKE,3540 Maitland Dr Ste 105 Raleigh NC 27610,35.7970128,-78.583981
655,R1259,25522.4445,R1259,R1259DR,New Jerusalem Pentecostal,,,,,,EDGECOMBE,nan nan nan nan,,
661,R1264,6171.416666666667,R1264,R1264FP,New St Delight United,,693 Suttontown Rd,Mt. Olive,NC,28365,WAYNE,693 Suttontown Rd Mt. Olive NC 28365,35.205196,-78.044452
666,R1268,38376.0,R1268,R1268FB,Northern Illinois Food Bank,,,,IL,,FOODBANK,nan nan IL nan,40.0796606,-89.4337288
668,R1271,628.7619047619048,R1271,R1271OTH,CSFP - Oakland Village,,215 Oak St,Littleton,NC,27850,HALIFAX,215 Oak St Littleton NC 27850,36.4363162,-77.918583
669,R1273,2993.0,R1273,R1273DR,OIC Rocky Mount,,1060 Pinehurst Dr,Rocky Mount,NC,27604,EDGECOMBE,1060 Pinehurst Dr Rocky Mount NC 27604,35.9471377,-77.7736809
670,R1274,34941.125,R1274,R1274FB,Oklahoma City Food Bank,,,,OK,,FOODBANK,nan nan OK nan,34.9550817,-97.2684063
671,R1275,695.3684210526316,R1275,R1275CSF,CSFP - Old Towne Village,,65 Old Towne Rd,Roanoke Rapids,NC,27870,HALIFAX,65 Old Towne Rd Roanoke Rapids NC 27870,36.436418,-77.729416
672,R1276,8966.473684210527,R1276,R1276FP,O'Neal Revival Tabernacle,,500 Richardson Rd,Zebulon,NC,27597,JOHNSTON,500 Richardson Rd Zebulon NC 27597,35.743327,-78.279725
674,R1278,318.25,R1278,R1278FP,Open Door Community Center,,3715 A Airport Blvd,Wilson,NC,27896,WILSON,3715 A Airport Blvd Wilson NC 27896,35.7599434,-77.9531415
675,R1279,1740.0,R1279,R1279FP,Open Door Ministry of Faith,,740 Planters St,Rocky Mount,NC,27801,EDGECOMBE,740 Planters St Rocky Mount NC 27801,35.9287307,-77.7880147
676,R1280,763.0909090909091,R1280,R1280SK,Our Daily Bread/Franklinton,,109 N Main St,Franklinton,NC,27525,FRANKLIN,109 N Main St Franklinton NC 27525,36.1052127,-78.4561735
679,R1283,790.952380952381,R1283,R1283CSF,CSFP - Parkview Manor,,2209 Fairview Rd,Raleigh,NC,27608,WAKE,2209 Fairview Rd Raleigh NC 27608,35.8067359,-78.650306
680,R1286,2426.9565217391305,R1286,R1286DD,Pet Distribution,,,Raleigh,NC,27604,WAKE,nan Raleigh NC 27604,35.7803977,-78.6390989
683,R1289,792.5,R1289,R1289FP1,Pleasant Union Christian,Church,2164 Neills Creek Rd,Lillington,NC,27546,HARNETT,2164 Neills Creek Rd Lillington NC 27546,35.4388597,-78.7747923
685,R1291,6436.208333333333,R1291,R1291GH,Potter's Wheel Ministries,,147 Faith Ln,Mt. Olive,NC,28365,DUPLIN,147 Faith Ln Mt. Olive NC 28365,35.072602,-77.919863
688,R1295,1013.5238095238096,R1295,R1295SK,Pullen Memorial,,1801 Hillsborough St,Raleigh,NC,27605,WAKE,1801 Hillsborough St Raleigh NC 27605,35.78538,-78.660826
689,R1296,321.45,R1296,R1296OTH,CSFP - Quankey Hill,,161 Pittsylvanie St,Halifax,NC,27839,HALIFAX,161 Pittsylvanie St Halifax NC 27839,36.326515,-77.586771
690,R1297,2558.555555555556,R1297,R1297OTH,Demonstration Kitchen,,1924 Capital Blvd,Raleigh,NC,27604,WAKE,1924 Capital Blvd Raleigh NC 27604,35.8044022,-78.6151915
693,R1300,306.375,R1300,R1300CSF,CSFP - Raleigh Garden Apts.,,6145 St Giles St,Raleigh,NC,27612,WAKE,6145 St Giles St Raleigh NC 27612,35.854313,-78.7062252
694,R1301,249.08333333333337,R1301,R1301GH,"Raleigh Housing Fund, Inc",Emmaus House,10 N East St,Raleigh,NC,27601,WAKE,10 N East St Raleigh NC 27601,35.7806595,-78.6320275
695,R1302,508.6666666666667,R1302,R1302KSM,SFSP - Raleigh PD Camps,,,,NC,,WAKE,nan nan NC nan,35.6729639,-79.0392919
696,R1303,3021.214285714286,R1303,R1303SH,Raleigh Rescue Mission,,314 E Hargett St,Raleigh,NC,27601,WAKE,314 E Hargett St Raleigh NC 27601,35.7780086,-78.6345806
697,R1304,9889.458333333334,R1304,R1304FP,Raleigh Vineyard Christian,,6894 Litchford Rd,Raleigh,NC,27615,WAKE,6894 Litchford Rd Raleigh NC 27615,35.8742953,-78.5960624
699,R1307,763.625,R1307,R1307REH,Recovery Connections Community,,3110 County Line Rd,Angier,NC,27501,JOHNSTON,3110 County Line Rd Angier NC 27501,35.482329,-78.650249
701,R1310,1210.0,R1310,R1310FP1,Refreshing Springs Church,,1040 Hill St,Rocky Mount,NC,27801,EDGECOMBE,1040 Hill St Rocky Mount NC 27801,35.9318311,-77.7839386
703,R1312,518.6666666666666,R1312,R1312GH,Renu Life,,501 Forest Hill Dr,Goldsboro,NC,27534,WAYNE,501 Forest Hill Dr Goldsboro NC 27534,35.3898687,-77.9492841
707,R1317,264.95,R1317,R1317CSF,CSFP - Rich Park Apartments,,555 Method Rd,Raleigh,NC,27606,WAKE,555 Method Rd Raleigh NC 27606,35.7925704,-78.6935931
709,R1319,7283.238095238095,R1319,R1319FP,Riley Hill Baptist Church,,5901 Riley Hill Rd,Wendell,NC,27591,WAKE,5901 Riley Hill Rd Wendell NC 27591,35.856792,-78.415179
710,R1320,801.0952380952381,R1320,R1320OTH,CSFP  River Towne Manor,,200 W Becker Dr,Roanoke Rapids,NC,27870,HALIFAX,200 W Becker Dr Roanoke Rapids NC 27870,36.442991,-77.642199
711,R1322,606.125,R1322,R1322FP,Roanoke Valley Seventh-Day,,1373 Smith Church Rd,Roanoke Rapids,NC,27870,HALIFAX,1373 Smith Church Rd Roanoke Rapids NC 27870,36.4266343,-77.6670287
713,R1325,357.26666666666665,R1325,R1325WPP,WPP - Rogers Lane Elementary,,201 N Rogers Ln,Raleigh,NC,27610,WAKE,201 N Rogers Ln Raleigh NC 27610,35.7781568,-78.5451225
714,R1326,817.5,R1326,R1326SP,SP - Rolesville Middle School,,4700 Burlington Mills Rd,Rolesville,NC,27571,WAKE,4700 Burlington Mills Rd Rolesville NC 27571,35.916306,-78.481429
715,R1327,880.4545454545455,R1327,R1327DV,Safe Space Inc,,Confidential,Confidential,NC,,FRANKLIN,Confidential Confidential NC nan,36.131803,-79.412521
716,R1328,437.25,R1328,R1328KSM,SFSP - Salvation Army B&GC,,316 S Tarboro St,Wilson,NC,27893,WILSON,316 S Tarboro St Wilson NC 27893,35.723665,-77.916101
717,R1330,0.0,R1330,R1330DR,Salvation Army - Goldsboro,,610 N William St,Goldsboro,NC,27530,WAYNE,610 N William St Goldsboro NC 27530,35.3888643,-77.9906949
722,R1335,26311.0,R1335,R1335DR,Sampson - Disaster Relief,,1924 Capital Blvd,Raleigh,NC,27604,SAMPSON,1924 Capital Blvd Raleigh NC 27604,35.8044022,-78.6151915
724,R1339,3548.913043478261,R1339,R1339OTH,CSFP - Scotland Neck Snr. Cen.,,1403 Church St,Scotland Neck,NC,27874,HALIFAX,1403 Church St Scotland Neck NC 27874,36.1338997,-77.422341
725,R1340,61727.25,R1340,R1340FB,Second Harvest Central Florida,,2008 Brengie Avenue,Orlando,FL,32808,FOODBANK,2008 Brengie Avenue Orlando FL 32808,28.580344,-81.439562
726,R1341,21136.42857142857,R1341,R1341DR,Second Harvest FB of S.E. NC,,406 Deep Creek Rd,Fayetteville,NC,28302,CUMBERLAND,406 Deep Creek Rd Fayetteville NC 28302,35.0412608,-78.8544305
727,R1342,69487.5,R1342,R1342FB,Second Harvest Food Bank of,,,,FL,,FOODBANK,nan nan FL nan,27.7567667,-81.4639835
728,R1344,27883.33333333333,R1344,R1344FB,Second Harvest Metrolina,,500 B Spratt Street,Charlotte,NC,28206,FOODBANK,500 B Spratt Street Charlotte NC 28206,35.2408702,-80.8378908
729,R1346,35500.666666666664,R1346,R1346FB,Second Harvest NE Tenn.,,,,TN,,FOODBANK,nan nan TN nan,35.7730076,-86.2820081
730,R1347,25695.0,R1347,R1347FB,SH Food Bank of South Georgia,,1411 Harbin Circle,Valdosta,GA,31601,FOODBANK,1411 Harbin Circle Valdosta GA 31601,30.8055699,-83.286712
734,R1353,11799.105263157897,R1353,R1353FP,Spreading Seeds Inc,,3904 Airport Dr NW,Wilson,NC,27896,WILSON,3904 Airport Dr NW Wilson NC 27896,35.766273,-77.965915
735,R1354,5932.090909090909,R1354,R1354FP,St. Andrews Chrisitan Church,,322 Rollingwood Dr,Dudley,NC,27883,WAYNE,322 Rollingwood Dr Dudley NC 27883,35.557549,-77.031489
738,R1358,257.5,R1358,R1358KSM,SFSP - St Hope,,7337 Church Bend Road,Spring Hope,NC,27882,WAKE,7337 Church Bend Road Spring Hope NC 27882,35.9769109,-78.1033761
744,R1363,21456.125,R1363,R1363FP,Stanley Chapel FWB Church,,687 Stanley Chapel Church Rd,Mount Olive,NC,28365,WAYNE,687 Stanley Chapel Church Rd Mount Olive NC 28365,35.224581,-78.014502
747,R1366,2024.5,R1366,R1366FP,Straightway Temple,,3009 Rosinburg Rd,Zebulon,NC,27597,WAKE,3009 Rosinburg Rd Zebulon NC 27597,35.860344,-78.295077
751,R1371,10131.5,R1371,R1371DR,Temple of New Beginning,,1867 Neills Creek Rd,Lillington,NC,27546,HARNETT,1867 Neills Creek Rd Lillington NC 27546,35.4355265,-78.7740678
752,R1372,1102.1052631578948,R1372,R1372FP,Temple of Pentecost,,2312 Lake Wheeler Rd,Raleigh,NC,27603,WAKE,2312 Lake Wheeler Rd Raleigh NC 27603,35.7493387,-78.6716835
753,R1376,37422.083333333336,R1376,R1376FP,The Jesus House of Prayer,,350 Brannon Road,Zebulon,NC,27597,FRANKLIN,350 Brannon Road Zebulon NC 27597,35.923611,-78.277816
761,R1383,112.33333333333331,R1383,R1383SON,The Wright's Center Inc,,513 W Raleigh Rd,Rocky Mount,NC,27803,EDGECOMBE,513 W Raleigh Rd Rocky Mount NC 27803,35.935364,-77.805897
763,R1385,1560.4782608695652,R1385,R1385FP,Trinity United Faith Center,,110 S State St,Raleigh,NC,27601,WAKE,110 S State St Raleigh NC 27601,35.7785968,-78.6237027
765,R1388,38695.0,R1388,R1388FB,Community Food Bank of Eastern Oklahoma,,,Tulsa,OK,74106,FOODBANK,nan Tulsa OK 74106,36.1563122,-95.9927516
769,R1392,77.0,R1392,R1392KSM1,SFSP-United Fellowship,,402 S. Barnes St,Nashville,NC,27856,NASH,402 S. Barnes St Nashville NC 27856,35.9719368,-77.9708632
774,R1398,10789.473684210529,R1398,R1398DD,Victory Faith Church,,791 Hwy 13 S,Goldsboro,NC,27530,WAYNE,791 Hwy 13 S Goldsboro NC 27530,35.344501,-78.027088
777,R1403,586.0,R1403,R1403KSM,SFSP - Wake Co. Public Health,,,,NC,,WAKE,nan nan NC nan,35.6729639,-79.0392919
778,R1404,745.4545454545455,R1404,R1404KSM,SFSP - Wake Co 4-H,,4001 Carya Dr,Raleigh,NC,27610,WAKE,4001 Carya Dr Raleigh NC 27610,35.770082,-78.568455
779,R1405,146.33333333333334,R1405,R1405FP,Wake Technical Institute,,9101 Fayeteville Rd,Raleigh,NC,27603,WAKE,9101 Fayeteville Rd Raleigh NC 27603,35.65126,-78.706862
781,R1407,44000.0,R1407,R1407DD,Warren County Direct,,1924 Capital Blvd,Raleigh,NC,27604,WARREN,1924 Capital Blvd Raleigh NC 27604,35.8044022,-78.6151915
782,R1409,883.6842105263158,R1409,R1409GH,Warren Street Group Home,,200 Warren St,Warrenton,NC,27589,WARREN,200 Warren St Warrenton NC 27589,36.40479,-78.15348
784,R1411,184.9090909090909,R1411,R1411FP,Warsaw United Methodist,,107 W Plank St,Warsaw,NC,28398,DUPLIN,107 W Plank St Warsaw NC 28398,35.000225,-78.091959
785,R1412,16069.833333333334,R1412,R1412DR,Wayne - Disaster Relief,,1924 Capital Blvd,Raleigh,NC,27604,WAYNE,1924 Capital Blvd Raleigh NC 27604,35.8044022,-78.6151915
786,R1414,624.0952380952381,R1414,R1414OTH,CSFP - Weatherstone Springs,,200 Weather Ridge Ln,Cary,NC,27513,WAKE,200 Weather Ridge Ln Cary NC 27513,35.792144,-78.808764
787,R1415,896.0,R1415,R1415FP,Weldon City Schools,,415 County Rd,Weldon,NC,27890,NASH,415 County Rd Weldon NC 27890,36.41333,-77.610524
789,R1417,4595.583333333333,R1417,R1417SP,SP - West Johnston H.S. Pantry,,5935 Raleigh Rd,Benson,NC,27504,JOHNSTON,5935 Raleigh Rd Benson NC 27504,35.523074,-78.5382346
792,R1420,1877.75,R1420,R1420,,,,,,,,nan nan nan nan,,
793,R1421,522.0,R1421,R1421OTH,CSFP - Winter's Haven,,500 E Hargett St,Raleigh,NC,27801,WAKE,500 E Hargett St Raleigh NC 27801,35.777937,-78.632219
800,R1431,1452.0,R1431,R1431KSM,SFSP- Duplin County Schools,,101 W. Carol MHP Lane,Wallace,NC,28466,DUPLIN,101 W. Carol MHP Lane Wallace NC 28466,34.72574,-77.988215
801,R1432,624.0,R1432,R1432KSM,SFSP- Duplinn County Schools,,110 Plantation Drive,Warsaw,NC,28398,DUPLIN,110 Plantation Drive Warsaw NC 28398,34.902663,-78.118028
802,R1433,742.2,R1433,R1433KSM,SFSP- East Wake Leadership,,948 Morphus Bridge Road,Wendell,NC,27591,WAKE,948 Morphus Bridge Road Wendell NC 27591,35.780808,-78.350441
803,R1434,205.5,R1434,R1434KSM,SFSP- Garden Street Apartments,,1021 Clarke Circle,Sanford,NC,27330,LEE,1021 Clarke Circle Sanford NC 27330,35.461718,-79.175553
804,R1435,874.0,R1435,R1435KSM,SFSP- Garland First Baptist,,227 East Fourth Street,Garland,NC,28441,SAMPSON,227 East Fourth Street Garland NC 28441,34.784338,-78.38975
805,R1437,804.6,R1437,R1437KSM,SFSP- Go Hard Institute,,"4400 Old Poole Rd, Bldg B",Raleigh,NC,27610,WAKE,"4400 Old Poole Rd, Bldg B Raleigh NC 27610",35.763646,-78.566195
806,R1438,164.0,R1438,R1438KSM,SFSP- Just for You,,11440 US HWY 70 W,Clayton,NC,27520,JOHNSTON,11440 US HWY 70 W Clayton NC 27520,35.666619,-78.474239
807,R1440,247.0,R1440,R1440KSM,SFSP- Lexington on the,,4803 N New Hope Rd,Raleigh,NC,27604,WAKE,4803 N New Hope Rd Raleigh NC 27604,35.8479826,-78.5749275
808,R1443,279.5,R1443,R1443KSM,SFSP-Olive Branch Baptist,,326 E Juniper Ave,Wake Forest,NC,27587,WAKE,326 E Juniper Ave Wake Forest NC 27587,35.9843633,-78.5054181
809,R1451,131.5,R1451,R1451KSM,SFSP- YM4C Kids,,3500 Woodmeadow Parkway,Raleigh,NC,27610,WAKE,3500 Woodmeadow Parkway Raleigh NC 27610,35.755208,-78.584507
810,R1462,1098.6,R1462,R1462FP,The Green Chair Project,,1853 Capitol Blvd,Raleigh,NC,27604,WAKE,1853 Capitol Blvd Raleigh NC 27604,35.80605,-78.616532
811,R1464,838.5625,R1464,R1464OTH,CSFP - Lincoln Heights,,34 Lincoln St,Roanoke Rapids,NC,27870,HALIFAX,34 Lincoln St Roanoke Rapids NC 27870,36.451583,-77.679446
812,R1466,2025.0,R1466,R1466FP,Strait Gate Christian Felowship,,933 South Beckford Drive,Henderson,N.C.,27536,FRANKLIN,933 South Beckford Drive Henderson N.C. 27536,36.3325382,-78.4337968
813,R1467,4343.615384615385,R1467,R1467FP,Building Bridges Without Limits,,577 East Franklin Street,Enfield,NC,27823,HALIFAX,577 East Franklin Street Enfield NC 27823,36.1763536,-77.6580093
814,R1468,65043.0,R1468,R1468FB,Mid-Atlantic Regional Co-op,,"6700 Essington Ave, Unit I-9",Philadelphia,PA,19153,WAKE,"6700 Essington Ave, Unit I-9 Philadelphia PA 19153",39.9105823,-75.2219422
815,R1469,223.0,R1469,R1469,,,,,,,,nan nan nan nan,,
816,R1470,10428.0,R1470,R1470FB,Weld Food Bank,,1108 H Street,Greeley,CO,80631,FOODBANK,1108 H Street Greeley CO 80631,40.4437132,-104.6987994
817,R1471,700.0,R1471,R1471FB,Food Bank for Larimer Couty,,5706 Wright Dr,Loveland,CO,80538,FOODBANK,5706 Wright Dr Loveland CO 80538,40.4517689,-104.998931
818,R1472,18258.0,R1472,R1472FB,Care and Share Food Bank,,2605 Preamble Pt,Colorado Springs,CO,80915,FOODBANK,2605 Preamble Pt Colorado Springs CO 80915,38.849797,-104.717043
819,R1473,665.0,R1473,R1473FB,Community Food Share,,650 S Taylor Ave Ste A,Louisville,CO,80027,FOODBANK,650 S Taylor Ave Ste A Louisville CO 80027,39.9597454,-105.1195503
820,R1474,20489.0,R1474,R1474FB,Arkansas Food Bank,,4301 W 65th Street,Little Rock,AR,72209,FOODBANK,4301 W 65th Street Little Rock AR 72209,34.6898677,-92.323806
821,R1476,1071.142857142857,R1476,R1476FP,Builder's Inc.,,14282 NC 42 East,Tarboro,NC,27886,EDGECOMBE,14282 NC 42 East Tarboro NC 27886,35.860596,-77.386264
822,R1477,34466.0,R1477,R1477FB,SH Food Bank of East Central Indiana,,1417 Meridian Street,Anderson,IN,46016,FOODBANK,1417 Meridian Street Anderson IN 46016,40.1019601,-85.6792997
823,R1478,31781.0,R1478,R1478FB,Gleaners Community Food Bank,,2131 Beaufait,Detroit,MI,48207,FOODBANK,2131 Beaufait Detroit MI 48207,42.3542209,-83.0141997
824,R1480,69206.0,R1480,R1480FB,Dare to Care Food Bank Inc,,5803 Fern Valley Road,Louisville,KY,40232,FOODBANK,5803 Fern Valley Road Louisville KY 40232,38.15663,-85.6535328
825,R1481,35296.0,R1481,R1481FB,Second Harvest Food Bank of Central Indiana,,1417 Meridian Street,Anderson,IN,46016,FOODBANK,1417 Meridian Street Anderson IN 46016,40.1019601,-85.6792997
826,R1482,3695.55,R1482,R1482FP,Glory Tabernacle International Ministries,,120 Weathers Street,Youngsville,NC,27596,FRANKLIN,120 Weathers Street Youngsville NC 27596,35.931434,-78.456786
827,R1484,691.4,R1484,R1484SP,SP - Inborden Elementary/Enfield Middle School,,13723 NC HWY 481,Enfield ,NC,27823,HALIFAX,13723 NC HWY 481 Enfield  NC 27823,36.178648,-77.697706
828,R1486,1410.0,R1486,R1486DR,Franklin - Disaster Relief,,1924 Capital Blvd,Raleigh,NC,27604,FRANKLIN,1924 Capital Blvd Raleigh NC 27604,35.8044022,-78.6151915
829,R1487,3118.428571428572,R1487,R1487FP,J-Jireh Services,,518 Ridgeway Street,Warrenton,NC,27589,WARREN,518 Ridgeway Street Warrenton NC 27589,36.4043985,-78.1616005
830,R1488,6878.2,R1488,R1488DR,Wake County - Disaster Relief,,1924 Capital Blvd.,Raleigh,NC,27604,WAKE,1924 Capital Blvd. Raleigh NC 27604,35.8044022,-78.6151915
831,R1489,22241.0,R1489,R1489DR,Robeson County - Disaster Relief Ral.,,1924 Capital Blvd.,Raleigh,NC,27604,ROBESON,1924 Capital Blvd. Raleigh NC 27604,35.8044022,-78.6151915
832,R1490,475.3333333333333,R1490,R1490SP,SP -Walnut Creek Elementary ,,2600 Sunnybrook Road ,Raleigh ,NC,27610,WAKE,2600 Sunnybrook Road  Raleigh  NC 27610,35.7619533,-78.5830613
833,R1491,410.5,R1491,R1491SP,SP - Athens Drive Magnet High School,,1420 Athens Drive,Raleigh,NC,27606,WAKE,1420 Athens Drive Raleigh NC 27606,35.7680517,-78.7109032
836,R1494,7287.29625,R1494,R1494DR,Salavation Army,,316 S Tarboro St,Wilson,NC,27893,WILSON,316 S Tarboro St Wilson NC 27893,35.723665,-77.916101
